Yuli,Donaldson,W79678754,Ap #617-8410 Praesent Street,487-5226,1
Audrey,Acevedo,S48987117,9607 Convallis St.,905-3503,2
Brenda,Gray,W11991331,"P.O. Box 470, 5820 Eu, St.",917-0545,3
Dennis,Fuller,P95893641,488-5994 Convallis Av.,796-896-8772,4
Vanna,Stark,H71552195,517-2134 Suscipit Street,740-3909,5
Velma,Tanner,K82397749,"P.O. Box 128, 9157 Dui. Ave",306-1872,6
Axel,Santana,Z15739391,Ap #165-3655 Nunc Road,448-2423,7
Lev,Singleton,H26471985,Ap #528-5975 In Rd.,799-351-4155,8
Aurora,Burns,T92152816,2465 Metus. St.,167-400-3926,9
Tanner,Glass,P22644259,8202 Egestas Rd.,531-3918,10
Jordan,Koch,D69252516,"P.O. Box 460, 4066 Turpis. St.",495-817-9389,11
George,Marshall,P27653182,Ap #913-9931 In St.,196-418-7662,12
Chaim,Brennan,F29235478,644-5561 Convallis Rd.,400-805-4655,13
Devin,Haley,J13284319,723-3838 Torquent Rd.,900-746-8579,14
Chandler,Morrison,T98949581,"P.O. Box 237, 1211 Amet St.",404-3027,15
Len,Lott,N63687149,Ap #160-7821 Nunc Avenue,965-495-5265,16
Arthur,Calhoun,W33791634,"P.O. Box 959, 3804 Et Ave",198-5590,17
Kasimir,Tillman,G21848895,"P.O. Box 128, 6537 Posuere Rd.",831-758-1396,18
Lucius,Beck,R12779112,"7466 Consequat, Street",151-1141,19
Noah,Henderson,C76628111,"P.O. Box 874, 9332 Sociis Road",297-124-8603,20
Victor,Goff,W26746643,7238 Ac Rd.,830-319-6117,21
Adria,Lewis,S96194213,5632 Praesent Rd.,524-3104,22
Andrew,Hays,Q64792926,388-5207 Diam. Ave,523-6829,23
Carson,Gill,B93679178,334-4968 Torquent Rd.,469-791-0912,24
Kalia,Sargent,Z91783366,6756 Donec Rd.,921-365-0355,25
Hayes,Cantu,C34689348,"P.O. Box 949, 4977 Placerat, Av.",155-5897,26
Lydia,Mitchell,E72362474,Ap #884-6285 Dignissim Rd.,838-6166,27
Aidan,Jefferson,V82342694,"P.O. Box 541, 3332 Nunc. Road",729-516-9151,28
Ira,Butler,K77276967,235-1782 Aliquet Street,669-6528,29
Wendy,Hansen,H47555293,3804 Pharetra. Rd.,890-6517,30
Cleo,Farmer,J53779952,Ap #822-3592 Duis Av.,204-408-9977,31
Ciaran,Campbell,Y89973771,"4712 At, Road",374-395-4114,32
Chaney,Hudson,X97958335,5116 Magna. St.,320-6797,33
Kim,Roman,S58948112,"P.O. Box 785, 753 Interdum. Av.",173-481-5886,34
Amethyst,Cherry,T84416981,862-2949 Natoque Street,647-5217,35
Kiona,Cummings,K75741151,Ap #329-4321 Tortor. Rd.,209-1342,36
Dakota,Gilbert,S37446589,"P.O. Box 469, 7098 Vel, St.",566-861-7007,37
Ian,Cummings,A35498812,296-4260 Magna Rd.,396-651-4635,38
Omar,Armstrong,V58374631,3043 Risus Road,646-6857,39
Rylee,Harris,S75641497,Ap #524-1259 Proin Street,247-111-1794,40
Rhoda,Brewer,Y34353931,"3546 Orci, Avenue",323-598-6694,41
Stuart,Snow,Q81979653,"P.O. Box 162, 5390 Etiam Avenue",755-5739,42
Keelie,Hawkins,X12872211,"P.O. Box 738, 100 Tellus St.",842-862-1195,43
Kaye,Burns,R53643161,1349 Non St.,792-0516,44
Hedley,Lawrence,B65222137,450-4502 A Street,244-7039,45
Stone,Greer,D77638144,748-6854 Elit. Street,606-514-5481,46
Leila,Flores,V35418397,"P.O. Box 715, 2125 Enim Avenue",559-9132,47
Katell,Melton,C37587325,3320 Fringilla Ave,124-2710,48
Noble,Francis,U43863944,7052 Nunc St.,310-328-9736,49
Kessie,Carr,K39198723,"326-2948 Montes, Av.",297-6091,50
Arden,Smith,Y42412524,"P.O. Box 873, 8016 Praesent St.",601-637-9441,51
Dawn,Sims,N48556241,Ap #130-582 Vestibulum Street,996-588-9231,52
Emmanuel,Hoffman,V38693337,7132 Phasellus Rd.,360-809-6306,53
Lewis,Acevedo,G45115177,514-6530 Velit Avenue,976-3040,54
Flynn,Webb,Y25488353,"P.O. Box 709, 7445 Sagittis Avenue",409-1930,55
Keelie,Owen,Q91129887,Ap #197-7668 Urna Ave,160-961-8153,56
Galvin,Orr,T64948986,364 Ut Street,990-371-8221,57
Dylan,Ayers,H47336987,899-4459 Facilisis St.,145-303-0896,58
Tamekah,Chen,C36523569,572-7832 Mauris St.,511-8170,59
Hayden,Mays,F18591269,6229 Metus Rd.,988-463-7316,60
Stone,Hahn,I85539361,558-140 Eget Road,707-896-7975,61
Lillith,Farrell,Z41487544,"P.O. Box 996, 6348 Sed St.",458-957-6485,62
Caryn,Gilbert,E65887214,7830 Phasellus Rd.,485-7793,63
Erin,Church,A59841168,335-5468 Ut Av.,469-634-7035,64
Beau,Bond,S21834728,825-275 Magna. St.,573-796-2050,65
Damon,Bray,U67954244,2380 Fusce Avenue,934-763-4096,66
David,Fitzpatrick,V29368115,"P.O. Box 526, 6224 Proin Road",393-634-5734,67
Dillon,Maddox,L28551772,927-7789 Laoreet Rd.,256-883-1397,68
Emerson,Cameron,W13975839,450-9867 Eget Av.,729-9455,69
Demetrius,Ferguson,Z77498855,Ap #369-6634 Morbi Av.,409-763-2481,70
Felicia,Sharp,S17296114,6453 Duis St.,342-995-7467,71
Brenna,Marsh,B64186871,Ap #382-5832 Tellus. Rd.,864-789-0185,72
Latifah,Watts,B62542851,Ap #707-6748 Lacus. Avenue,301-5291,73
Benedict,Schultz,B44569975,"P.O. Box 941, 106 Ornare, Rd.",800-163-8098,74
Rachel,Wells,B58722416,Ap #635-8513 Nunc Rd.,777-367-0453,75
Aurora,Mcconnell,K47951687,"P.O. Box 923, 6867 Ornare Road",735-2106,76
Grant,Herring,G33127442,"P.O. Box 961, 2877 Aliquam Road",657-936-7565,77
Alma,Lamb,U27477193,181-7368 Primis Av.,572-891-4432,78
Janna,Hendricks,B53291223,382-2103 Vestibulum Ave,118-7191,79
Hiram,Christensen,Y94356939,7676 Neque Av.,931-3689,80
Judah,Chavez,V94923931,572 Lacinia Av.,367-313-6374,81
Reece,Branch,E17634289,Ap #948-9618 Ut Avenue,351-728-8697,82
Jakeem,Jensen,N14572862,"P.O. Box 445, 129 Lorem Ave",470-8953,83
Illiana,Greene,J96534128,Ap #928-3440 Etiam St.,374-900-0626,84
Galena,Roman,P35919994,"Ap #642-6398 In, Rd.",665-6226,85
Aurelia,Sargent,D45324498,377 Ut Rd.,190-4446,86
Thane,Jenkins,T36189376,"837-5839 Mi, Road",535-8164,87
Alma,Green,D21845827,729-5426 Elementum Street,210-805-9980,88
Clark,Bishop,D39783922,Ap #137-2644 Cras Rd.,188-205-4561,89
Kirestin,Wynn,A39231444,Ap #909-6080 Pede Street,461-423-5755,90
Barry,Thomas,N38147118,"P.O. Box 834, 6330 Nulla. Avenue",443-828-3358,91
Isadora,Conrad,C89923261,239-9571 Cursus. Street,624-733-2402,92
Zachery,Adams,A74368228,Ap #221-987 Mollis Rd.,176-7003,93
Thor,Cherry,D93191492,9075 Commodo Rd.,529-4582,94
Breanna,Snow,R27678551,8728 Ut Avenue,697-3365,95
Lee,Church,F24349684,"P.O. Box 628, 9741 Arcu. Road",278-9029,96
Yoko,Harper,Z62398687,416-6594 Ut St.,448-758-0529,97
Zenia,Hutchinson,A34467475,5985 Mus. St.,910-9478,98
Tyrone,Cote,W26546292,"P.O. Box 134, 755 Tellus. Road",955-1606,99
Inga,Odonnell,H33232741,533-3526 Iaculis Ave,722-496-8149,100
