Latitud,Longitud,Tipo,Estacion,Transporte,Ruta
-11.980834,-77.059085,Alimentador,Estacion Naranjal,Metropolitano,TAHUANTINSUYO (AN-01)
-11.980001,-77.058304,Alimentador,Huascar,Metropolitano,TAHUANTINSUYO (AN-01)
-11.98099,-77.054237,Alimentador,Paracas,Metropolitano,TAHUANTINSUYO (AN-01)
-11.982661,-77.053261,Alimentador,Cahuide,Metropolitano,TAHUANTINSUYO (AN-01)
-11.981609,-77.049477,Alimentador,Pisac,Metropolitano,TAHUANTINSUYO (AN-01)
-11.981814,-77.04734,Alimentador,Quipaypampa,Metropolitano,TAHUANTINSUYO (AN-01)
-11.981167,-77.043594,Alimentador,Yauri,Metropolitano,TAHUANTINSUYO (AN-01)
-11.98081,-77.04081,Alimentador,Vilcanota,Metropolitano,TAHUANTINSUYO (AN-01)
-11.979339,-77.037903,Alimentador,Mascaypacha,Metropolitano,TAHUANTINSUYO (AN-01)
NaN,NaN,Alimentador,Mascaypacha,Metropolitano,TAHUANTINSUYO (AN-01)
-11.980532,-77.040207,Alimentador,Cusihuallar,Metropolitano,TAHUANTINSUYO (AN-01)
-11.981107,-77.043747,Alimentador,Yanaoca,Metropolitano,TAHUANTINSUYO (AN-01)
-11.98171,-77.047241,Alimentador,Huatanay,Metropolitano,TAHUANTINSUYO (AN-01)
-11.981642,-77.050018,Alimentador,Muquiyauyos,Metropolitano,TAHUANTINSUYO (AN-01)
-11.9826,-77.053474,Alimentador,Indoamerica,Metropolitano,TAHUANTINSUYO (AN-01)
-11.980741,-77.054146,Alimentador,Tiahuanaco,Metropolitano,TAHUANTINSUYO (AN-01)
-11.979932,-77.058739,Alimentador,Tupac Amaru,Metropolitano,TAHUANTINSUYO (AN-01)
NaN,NaN,Alimentador,Estacion Naranjal,Metropolitano,TAHUANTINSUYO (AN-01)
NaN,NaN,Alimentador,Estacion Naranjal,Metropolitano,TUNGASUCA (AN-02)
-11.974768,-77.059685,Alimentador,Calle 20,Metropolitano,TUNGASUCA (AN-02)
-11.96953,-77.060722,Alimentador,Calle 21,Metropolitano,TUNGASUCA (AN-02)
-11.96524,-77.061668,Alimentador,Maestro Peruano,Metropolitano,TUNGASUCA (AN-02)
-11.960761,-77.061394,Alimentador,Arcoiris,Metropolitano,TUNGASUCA (AN-02)
-11.954554,-77.059769,Alimentador,Mexico,Metropolitano,TUNGASUCA (AN-02)
-11.949721,-77.060036,Alimentador,Busano,Metropolitano,TUNGASUCA (AN-02)
-11.944675,-77.06057,Alimentador,22 de Agosto,Metropolitano,TUNGASUCA (AN-02)
-11.941688,-77.059929,Alimentador,Seguro,Metropolitano,TUNGASUCA (AN-02)
-11.938788,-77.058327,Alimentador,Bulevar,Metropolitano,TUNGASUCA (AN-02)
-11.934322,-77.055824,Alimentador,Belaunde,Metropolitano,TUNGASUCA (AN-02)
-11.929437,-77.053131,Alimentador,Micaela Bastidas,Metropolitano,TUNGASUCA (AN-02)
-11.925071,-77.051781,Alimentador,Jamaica,Metropolitano,TUNGASUCA (AN-02)
-11.921302,-77.051056,Alimentador,Parque Sinchi Roca,Metropolitano,TUNGASUCA (AN-02)
-11.918674,-77.049706,Alimentador,SangararÃÂ¡,Metropolitano,TUNGASUCA (AN-02)
-11.91457,-77.047379,Alimentador,Los Incas,Metropolitano,TUNGASUCA (AN-02)
-11.911719,-77.045784,Alimentador,La Alborada,Metropolitano,TUNGASUCA (AN-02)
-11.908836,-77.044167,Alimentador,El Paraiso,Metropolitano,TUNGASUCA (AN-02)
-11.905967,-77.042572,Alimentador,San Carlos,Metropolitano,TUNGASUCA (AN-02)
-11.90131,-77.03997,Alimentador,San Felipe,Metropolitano,TUNGASUCA (AN-02)
-11.899823,-77.041786,Alimentador,Capilla,Metropolitano,TUNGASUCA (AN-02)
-11.897977,-77.043373,Alimentador,Condorcanqui,Metropolitano,TUNGASUCA (AN-02)
-11.896508,-77.043327,Alimentador,Rio Nepena,Metropolitano,TUNGASUCA (AN-02)
-11.89469,-77.04229,Alimentador,Modulo Siglo XXI,Metropolitano,TUNGASUCA (AN-02)
-11.895941,-77.040459,Alimentador,Huaca,Metropolitano,TUNGASUCA (AN-02)
-11.898175,-77.039894,Alimentador,Parque Pimentel,Metropolitano,TUNGASUCA (AN-02)
-11.899635,-77.041977,Alimentador,Capilla,Metropolitano,TUNGASUCA (AN-02)
-11.900696,-77.040596,Alimentador,San Felipe,Metropolitano,TUNGASUCA (AN-02)
-11.905751,-77.042763,Alimentador,San Carlos,Metropolitano,TUNGASUCA (AN-02)
-11.90873,-77.044472,Alimentador,El Paraiso,Metropolitano,TUNGASUCA (AN-02)
-11.911618,-77.046066,Alimentador,La Alborada,Metropolitano,TUNGASUCA (AN-02)
-11.9158,-77.048409,Alimentador,Los Incas,Metropolitano,TUNGASUCA (AN-02)
-11.91868,-77.050056,Alimentador,SangararÃÂ¡,Metropolitano,TUNGASUCA (AN-02)
-11.92117,-77.051277,Alimentador,Parque Sinchi Roca,Metropolitano,TUNGASUCA (AN-02)
-11.92659,-77.05233,Alimentador,Caceres,Metropolitano,TUNGASUCA (AN-02)
-11.930681,-77.054146,Alimentador,Micaela Bastidas,Metropolitano,TUNGASUCA (AN-02)
-11.935526,-77.056839,Alimentador,Belaunde,Metropolitano,TUNGASUCA (AN-02)
-11.939821,-77.059273,Alimentador,Bulevar,Metropolitano,TUNGASUCA (AN-02)
-11.94291,-77.060646,Alimentador,Seguro,Metropolitano,TUNGASUCA (AN-02)
-11.947284,-77.060646,Alimentador,22 de Agosto,Metropolitano,TUNGASUCA (AN-02)
-11.949837,-77.060318,Alimentador,Busano,Metropolitano,TUNGASUCA (AN-02)
-11.955976,-77.060143,Alimentador,Mexico,Metropolitano,TUNGASUCA (AN-02)
-11.961156,-77.062279,Alimentador,Metropolitana,Metropolitano,TUNGASUCA (AN-02)
-11.964654,-77.061783,Alimentador,Maestro Peruano,Metropolitano,TUNGASUCA (AN-02)
-11.969642,-77.060898,Alimentador,Calle 22,Metropolitano,TUNGASUCA (AN-02)
-11.974876,-77.059822,Alimentador,Calle 30,Metropolitano,TUNGASUCA (AN-02)
NaN,NaN,Alimentador,Estacion Naranjal,Metropolitano,TUNGASUCA (AN-02)
NaN,NaN,Tap,Nombre,Corredor,TRAPICHE (AN-03)
NaN,NaN,Alimentador,Estacion Naranjal,Metropolitano,TRAPICHE (AN-03)
-11.976609,-77.060555,Alimentador,Unger,Metropolitano,TRAPICHE (AN-03)
-11.97707,-77.063965,Alimentador,Hospital los Olivos,Metropolitano,TRAPICHE (AN-03)
-11.975071,-77.066261,Alimentador,Delta,Metropolitano,TRAPICHE (AN-03)
-11.970771,-77.066933,Alimentador,Tres Postes,Metropolitano,TRAPICHE (AN-03)
-11.959425,-77.068726,Alimentador,Villasol,Metropolitano,TRAPICHE (AN-03)
-11.95714,-77.06913,Alimentador,Yanbal,Metropolitano,TRAPICHE (AN-03)
-11.954903,-77.06945,Alimentador,Cesar Vallejo,Metropolitano,TRAPICHE (AN-03)
-11.949904,-77.070236,Alimentador,San Martin,Metropolitano,TRAPICHE (AN-03)
-11.946525,-77.07074,Alimentador,Infantas,Metropolitano,TRAPICHE (AN-03)
-11.940566,-77.071327,Alimentador,Plaza Vea,Metropolitano,TRAPICHE (AN-03)
-11.932509,-77.072327,Alimentador,Segunda de Pro,Metropolitano,TRAPICHE (AN-03)
-11.929387,-77.067482,Alimentador,El Alamo,Metropolitano,TRAPICHE (AN-03)
-11.924772,-77.063934,Alimentador,Botica,Metropolitano,TRAPICHE (AN-03)
-11.920098,-77.061302,Alimentador,El Pinar,Metropolitano,TRAPICHE (AN-03)
-11.91615,-77.059128,Alimentador,Kiosko,Metropolitano,TRAPICHE (AN-03)
-11.910916,-77.056129,Alimentador,Los Incas,Metropolitano,TRAPICHE (AN-03)
-11.903921,-77.052223,Alimentador,Alameda el Pinar,Metropolitano,TRAPICHE (AN-03)
-11.899168,-77.049568,Alimentador,Oficina,Metropolitano,TRAPICHE (AN-03)
-11.896702,-77.048164,Alimentador,San Felipe,Metropolitano,TRAPICHE (AN-03)
-11.893907,-77.046646,Alimentador,Remanso,Metropolitano,TRAPICHE (AN-03)
-11.891581,-77.044876,Alimentador,Peycar,Metropolitano,TRAPICHE (AN-03)
-11.8934,-77.046761,Alimentador,Remanso,Metropolitano,TRAPICHE (AN-03)
-11.896248,-77.048309,Alimentador,San Felipe,Metropolitano,TRAPICHE (AN-03)
-11.898972,-77.04982,Alimentador,Oficina,Metropolitano,TRAPICHE (AN-03)
-11.903606,-77.052429,Alimentador,Alameda el Pinar,Metropolitano,TRAPICHE (AN-03)
-11.910398,-77.056267,Alimentador,Los Incas,Metropolitano,TRAPICHE (AN-03)
-11.915819,-77.05928,Alimentador,Kiosko,Metropolitano,TRAPICHE (AN-03)
-11.920033,-77.061592,Alimentador,El Pinar,Metropolitano,TRAPICHE (AN-03)
-11.924411,-77.06414,Alimentador,Botica,Metropolitano,TRAPICHE (AN-03)
-11.92904,-77.067513,Alimentador,El Alamo,Metropolitano,TRAPICHE (AN-03)
-11.930388,-77.072151,Alimentador,Trapiche,Metropolitano,TRAPICHE (AN-03)
-11.932509,-77.072327,Alimentador,Segunda de Pro,Metropolitano,TRAPICHE (AN-03)
-11.935156,-77.072105,Alimentador,La Amistad,Metropolitano,TRAPICHE (AN-03)
-11.940654,-77.071579,Alimentador,Plaza Vea,Metropolitano,TRAPICHE (AN-03)
-11.944825,-77.071182,Alimentador,Inafantas,Metropolitano,TRAPICHE (AN-03)
-11.949222,-77.070564,Alimentador,San Martin,Metropolitano,TRAPICHE (AN-03)
-11.954482,-77.069733,Alimentador,Cesar Vallejo,Metropolitano,TRAPICHE (AN-03)
-11.95681,-77.069366,Alimentador,Yanbal,Metropolitano,TRAPICHE (AN-03)
-11.959118,-77.068985,Alimentador,Villasol,Metropolitano,TRAPICHE (AN-03)
-11.968172,-77.067627,Alimentador,Tres Postes,Metropolitano,TRAPICHE (AN-03)
-11.970909,-77.067207,Alimentador,MaraÃÂ±on,Metropolitano,TRAPICHE (AN-03)
-11.975282,-77.066498,Alimentador,Delta,Metropolitano,TRAPICHE (AN-03)
-11.977338,-77.064041,Alimentador,Hospital los Olivos,Metropolitano,TRAPICHE (AN-03)
-11.976799,-77.060516,Alimentador,Unger,Metropolitano,TRAPICHE (AN-03)
NaN,NaN,Alimentador,Estacion Naranjal,Metropolitano,TRAPICHE (AN-03)
NaN,NaN,Tap,Nombre,Corredor,COLLIQUE (AN-04)
NaN,NaN,Alimentador,Estacion Naranjal,Metropolitano,COLLIQUE (AN-04)
-11.970846,-77.057465,Alimentador,La Merced,Metropolitano,COLLIQUE (AN-04)
-11.960232,-77.053917,Alimentador,Correo,Metropolitano,COLLIQUE (AN-04)
-11.956069,-77.05246,Alimentador,EspaÃÂ±a,Metropolitano,COLLIQUE (AN-04)
-11.951922,-77.051025,Alimentador,Colegio Israel,Metropolitano,COLLIQUE (AN-04)
-11.949032,-77.049339,Alimentador,Santa Rosa,Metropolitano,COLLIQUE (AN-04)
-11.945788,-77.050163,Alimentador,Bco. de la Nacion,Metropolitano,COLLIQUE (AN-04)
-11.94145,-77.050308,Alimentador,Belaunde,Metropolitano,COLLIQUE (AN-04)
-11.937092,-77.048981,Alimentador,Mercado Chacra Cerro,Metropolitano,COLLIQUE (AN-04)
-11.933268,-77.046234,Alimentador,La Pascana,Metropolitano,COLLIQUE (AN-04)
-11.930184,-77.043999,Alimentador,Andres Caceres,Metropolitano,COLLIQUE (AN-04)
-11.925276,-77.042519,Alimentador,Miguel Grau,Metropolitano,COLLIQUE (AN-04)
-11.921106,-77.041931,Alimentador,Francisco Bolognesi,Metropolitano,COLLIQUE (AN-04)
-11.916427,-77.040428,Alimentador,Colegio Fe y Alegria,Metropolitano,COLLIQUE (AN-04)
-11.915106,-77.034546,Alimentador,Sanchez Cerro,Metropolitano,COLLIQUE (AN-04)
-11.914584,-77.029625,Alimentador,J.C. Tello,Metropolitano,COLLIQUE (AN-04)
-11.913619,-77.025894,Alimentador,Cerro de Pasco,Metropolitano,COLLIQUE (AN-04)
-11.91312,-77.022797,Alimentador,Ramon Castilla,Metropolitano,COLLIQUE (AN-04)
-11.913342,-77.017937,Alimentador,Andahuaylas,Metropolitano,COLLIQUE (AN-04)
-11.913511,-77.014709,Alimentador,Piura,Metropolitano,COLLIQUE (AN-04)
-11.913558,-77.010132,Alimentador,Fco. De Zela,Metropolitano,COLLIQUE (AN-04)
-11.913388,-77.010353,Alimentador,Fco. De Zela,Metropolitano,COLLIQUE (AN-04)
-11.913378,-77.013893,Alimentador,Piura,Metropolitano,COLLIQUE (AN-04)
-11.91318,-77.01828,Alimentador,Alcides Carrion,Metropolitano,COLLIQUE (AN-04)
-11.912938,-77.022041,Alimentador,Ramon Castilla,Metropolitano,COLLIQUE (AN-04)
-11.913456,-77.025894,Alimentador,Arica,Metropolitano,COLLIQUE (AN-04)
-11.914181,-77.028954,Alimentador,J.C. Tello,Metropolitano,COLLIQUE (AN-04)
-11.91495,-77.034088,Alimentador,Sanchez Cerro,Metropolitano,COLLIQUE (AN-04)
-11.916342,-77.040352,Alimentador,Colegio Fe y Alegria,Metropolitano,COLLIQUE (AN-04)
-11.920174,-77.041901,Alimentador,Grifo AÃÂ±o Nuevo,Metropolitano,COLLIQUE (AN-04)
-11.924548,-77.042564,Alimentador,Miguel Grau,Metropolitano,COLLIQUE (AN-04)
-11.929487,-77.0438,Alimentador,Jamaica,Metropolitano,COLLIQUE (AN-04)
-11.932881,-77.046097,Alimentador,La Pascana,Metropolitano,COLLIQUE (AN-04)
-11.936433,-77.048607,Alimentador,Mercado Chacra Cerro,Metropolitano,COLLIQUE (AN-04)
-11.941208,-77.050247,Alimentador,Belaunde,Metropolitano,COLLIQUE (AN-04)
-11.945049,-77.050476,Alimentador,Bco. de la Nacion,Metropolitano,COLLIQUE (AN-04)
-11.948181,-77.04966,Alimentador,Reniec,Metropolitano,COLLIQUE (AN-04)
-11.952439,-77.051331,Alimentador,Puno,Metropolitano,COLLIQUE (AN-04)
-11.956065,-77.052605,Alimentador,EspaÃÂ±a,Metropolitano,COLLIQUE (AN-04)
-11.959493,-77.05378,Alimentador,Correo,Metropolitano,COLLIQUE (AN-04)
-11.970649,-77.057602,Alimentador,La Merced,Metropolitano,COLLIQUE (AN-04)
NaN,NaN,Alimentador,Estacion Naranjal,Metropolitano,COLLIQUE (AN-04)
NaN,NaN,Alimentador,Estacion Naranjal,Metropolitano,PAYET (AN-05)
-11.980001,-77.058304,Alimentador,Huascar,Metropolitano,PAYET (AN-05)
-11.978605,-77.053474,Alimentador,Calle 3,Metropolitano,PAYET (AN-05)
-11.977692,-77.050255,Alimentador,Rio Sapi,Metropolitano,PAYET (AN-05)
-11.9768,-77.047096,Alimentador,Antisuyo,Metropolitano,PAYET (AN-05)
-11.974082,-77.047424,Alimentador,J.G. Condorcanqui,Metropolitano,PAYET (AN-05)
NaN,NaN,Alimentador,Posta,Metropolitano,PAYET (AN-05)
-11.972734,-77.043381,Alimentador,Progreso,Metropolitano,PAYET (AN-05)
-11.970611,-77.041138,Alimentador,Alca,Metropolitano,PAYET (AN-05)
-11.967875,-77.038383,Alimentador,Real Felipe,Metropolitano,PAYET (AN-05)
-11.966822,-77.037247,Alimentador,4 de Noviembre,Metropolitano,PAYET (AN-05)
-11.96735,-77.038895,Alimentador,Jose Olaya,Metropolitano,PAYET (AN-05)
-11.970633,-77.041389,Alimentador,Huaytapampa,Metropolitano,PAYET (AN-05)
-11.972689,-77.043716,Alimentador,Progreso,Metropolitano,PAYET (AN-05)
NaN,NaN,Alimentador,Posta,Metropolitano,PAYET (AN-05)
-11.974305,-77.047523,Alimentador,Ca. Marco,Metropolitano,PAYET (AN-05)
-11.976696,-77.047218,Alimentador,Calle 17,Metropolitano,PAYET (AN-05)
-11.977587,-77.050362,Alimentador,Huamachuco,Metropolitano,PAYET (AN-05)
-11.978637,-77.054176,Alimentador,Calle 17,Metropolitano,PAYET (AN-05)
-11.979932,-77.058739,Alimentador,Tupac Amaru,Metropolitano,PAYET (AN-05)
NaN,NaN,Alimentador,Estacion Naranjal,Metropolitano,PAYET (AN-05)
NaN,NaN,Alimentador,Estacion Naranjal,Metropolitano,PUNO (AN-06)
-11.976184,-77.059258,Alimentador,La Cincuenta,Metropolitano,PUNO (AN-06)
-11.970833,-77.057411,Alimentador,La Merced,Metropolitano,PUNO (AN-06)
-11.966604,-77.056145,Alimentador,Politecnico,Metropolitano,PUNO (AN-06)
-11.963228,-77.054863,Alimentador,Cueto Fernandini,Metropolitano,PUNO (AN-06)
-11.960058,-77.053833,Alimentador,Correo,Metropolitano,PUNO (AN-06)
-11.956069,-77.05246,Alimentador,EspaÃÂ±a,Metropolitano,PUNO (AN-06)
-11.954036,-77.051765,Alimentador,Edelnor,Metropolitano,PUNO (AN-06)
-11.954024,-77.04805,Alimentador,Jr. Lima,Metropolitano,PUNO (AN-06)
-11.955189,-77.044701,Alimentador,Jr. Piura,Metropolitano,PUNO (AN-06)
-11.957203,-77.040688,Alimentador,La Habana,Metropolitano,PUNO (AN-06)
-11.958023,-77.03698,Alimentador,El Progreso,Metropolitano,PUNO (AN-06)
-11.957164,-77.035538,Alimentador,Cesar Vallejo,Metropolitano,PUNO (AN-06)
-11.956346,-77.037346,Alimentador,24 de Agosto,Metropolitano,PUNO (AN-06)
-11.957327,-77.040352,Alimentador,La Habana,Metropolitano,PUNO (AN-06)
-11.95525,-77.044388,Alimentador,Jr. Piura,Metropolitano,PUNO (AN-06)
-11.954143,-77.047653,Alimentador,Jr. Lima,Metropolitano,PUNO (AN-06)
-11.953086,-77.05088,Alimentador,Tupac Amaru,Metropolitano,PUNO (AN-06)
-11.956001,-77.052582,Alimentador,EspaÃÂ±a,Metropolitano,PUNO (AN-06)
-11.95969,-77.053848,Alimentador,Correo,Metropolitano,PUNO (AN-06)
-11.96246,-77.054611,Alimentador,Mega 80,Metropolitano,PUNO (AN-06)
-11.965559,-77.05574,Alimentador,Politecnico,Metropolitano,PUNO (AN-06)
-11.970909,-77.057564,Alimentador,La Merced,Metropolitano,PUNO (AN-06)
-11.976051,-77.059341,Alimentador,La Cincuenta,Metropolitano,PUNO (AN-06)
NaN,NaN,Alimentador,Estacion Naranjal,Metropolitano,PUNO (AN-06)
NaN,NaN,Alimentador,Estacion Naranjal,Metropolitano,BELAUNDE (AN-07)
-11.970846,-77.057465,Alimentador,La Merced,Metropolitano,BELAUNDE (AN-07)
-11.966604,-77.056145,Alimentador,Politecnico,Metropolitano,BELAUNDE (AN-07)
-11.963228,-77.054863,Alimentador,Cueto Fernandini,Metropolitano,BELAUNDE (AN-07)
-11.960232,-77.053917,Alimentador,Correo,Metropolitano,BELAUNDE (AN-07)
-11.956069,-77.05246,Alimentador,EspaÃÂ±a,Metropolitano,BELAUNDE (AN-07)
-11.951922,-77.051025,Alimentador,Colegio Israel,Metropolitano,BELAUNDE (AN-07)
-11.945788,-77.050163,Alimentador,Bco. de la Nacion,Metropolitano,BELAUNDE (AN-07)
-11.94145,-77.050308,Alimentador,Belaunde,Metropolitano,BELAUNDE (AN-07)
-11.941187,-77.048477,Alimentador,Los Cipreses,Metropolitano,BELAUNDE (AN-07)
-11.940359,-77.046303,Alimentador,San Martin,Metropolitano,BELAUNDE (AN-07)
-11.9409,-77.044006,Alimentador,1 de Mayo,Metropolitano,BELAUNDE (AN-07)
-11.941561,-77.041267,Alimentador,Larco Herrera,Metropolitano,BELAUNDE (AN-07)
-11.942079,-77.039101,Alimentador,Jr. San Pablo,Metropolitano,BELAUNDE (AN-07)
-11.942871,-77.036781,Alimentador,Huascar,Metropolitano,BELAUNDE (AN-07)
-11.943548,-77.03537,Alimentador,Talara,Metropolitano,BELAUNDE (AN-07)
-11.942659,-77.036446,Alimentador,Carabayllo,Metropolitano,BELAUNDE (AN-07)
-11.941952,-77.039169,Alimentador,San Pablo,Metropolitano,BELAUNDE (AN-07)
-11.941456,-77.041115,Alimentador,Larco Herrera,Metropolitano,BELAUNDE (AN-07)
-11.940777,-77.043571,Alimentador,1 de Mayo,Metropolitano,BELAUNDE (AN-07)
-11.94008,-77.046417,Alimentador,La Libertad,Metropolitano,BELAUNDE (AN-07)
-11.941021,-77.048485,Alimentador,Los Cipreses,Metropolitano,BELAUNDE (AN-07)
-11.941332,-77.050423,Alimentador,Belaunde,Metropolitano,BELAUNDE (AN-07)
-11.945049,-77.050476,Alimentador,Bco. de la Nacion,Metropolitano,BELAUNDE (AN-07)
-11.952439,-77.051331,Alimentador,Puno,Metropolitano,BELAUNDE (AN-07)
-11.956065,-77.052605,Alimentador,EspaÃÂ±a,Metropolitano,BELAUNDE (AN-07)
-11.959493,-77.05378,Alimentador,Correo,Metropolitano,BELAUNDE (AN-07)
-11.962544,-77.054817,Alimentador,Mega 80,Metropolitano,BELAUNDE (AN-07)
-11.965559,-77.05574,Alimentador,Politecnico,Metropolitano,BELAUNDE (AN-07)
-11.970649,-77.057602,Alimentador,La Merced,Metropolitano,BELAUNDE (AN-07)
NaN,NaN,Alimentador,Estacion Naranjal,Metropolitano,BELAUNDE (AN-07)
NaN,NaN,Alimentador,Estacion Naranjal,Metropolitano,MILAGROS DE JESÃÂS (AN-08)
-11.976184,-77.059258,Alimentador,La Cincuenta,Metropolitano,MILAGROS DE JESÃÂS (AN-08)
-11.966604,-77.056145,Alimentador,Politecnico,Metropolitano,MILAGROS DE JESÃÂS (AN-08)
-11.963228,-77.054863,Alimentador,Cueto Fernandini,Metropolitano,MILAGROS DE JESÃÂS (AN-08)
-11.951878,-77.051003,Alimentador,Colegio Israel,Metropolitano,MILAGROS DE JESÃÂS (AN-08)
-11.948981,-77.049339,Alimentador,Santa Rosa,Metropolitano,MILAGROS DE JESÃÂS (AN-08)
-11.945788,-77.050163,Alimentador,Bco. de la Nacion,Metropolitano,MILAGROS DE JESÃÂS (AN-08)
-11.941508,-77.050293,Alimentador,Belaunde,Metropolitano,MILAGROS DE JESÃÂS (AN-08)
-11.936922,-77.048889,Alimentador,Mercado Chacra Cerro,Metropolitano,MILAGROS DE JESÃÂS (AN-08)
-11.933923,-77.046822,Alimentador,La Pascana,Metropolitano,MILAGROS DE JESÃÂS (AN-08)
-11.930036,-77.043922,Alimentador,Andres Caceres,Metropolitano,MILAGROS DE JESÃÂS (AN-08)
-11.925128,-77.042496,Alimentador,Miguel Grau,Metropolitano,MILAGROS DE JESÃÂS (AN-08)
-11.92102,-77.041901,Alimentador,Francisco Bolognesi,Metropolitano,MILAGROS DE JESÃÂS (AN-08)
-11.916473,-77.040306,Alimentador,Colegio Fe y Alegria,Metropolitano,MILAGROS DE JESÃÂS (AN-08)
-11.91623,-77.036987,Alimentador,Jose Olaya,Metropolitano,MILAGROS DE JESÃÂS (AN-08)
-11.915126,-77.034729,Alimentador,Sanchez Cerro,Metropolitano,MILAGROS DE JESÃÂS (AN-08)
-11.915138,-77.031815,Alimentador,Huascaran,Metropolitano,MILAGROS DE JESÃÂS (AN-08)
-11.914584,-77.029625,Alimentador,Julio C. Tello,Metropolitano,MILAGROS DE JESÃÂS (AN-08)
-11.916302,-77.028214,Alimentador,CaÃÂ±ete,Metropolitano,MILAGROS DE JESÃÂS (AN-08)
-11.918169,-77.027145,Alimentador,Santa Rosa,Metropolitano,MILAGROS DE JESÃÂS (AN-08)
-11.919893,-77.025749,Alimentador,San Pedro,Metropolitano,MILAGROS DE JESÃÂS (AN-08)
-11.918871,-77.026329,Alimentador,San Miguel,Metropolitano,MILAGROS DE JESÃÂS (AN-08)
-11.917549,-77.027405,Alimentador,Santa Clara,Metropolitano,MILAGROS DE JESÃÂS (AN-08)
-11.915837,-77.028214,Alimentador,Marquez,Metropolitano,MILAGROS DE JESÃÂS (AN-08)
-11.914588,-77.028961,Alimentador,Revolucion,Metropolitano,MILAGROS DE JESÃÂS (AN-08)
-11.915032,-77.031952,Alimentador,La Mar,Metropolitano,MILAGROS DE JESÃÂS (AN-08)
-11.915006,-77.034187,Alimentador,Sanchez Cerro,Metropolitano,MILAGROS DE JESÃÂS (AN-08)
-11.91621,-77.037254,Alimentador,Jorge Chavez,Metropolitano,MILAGROS DE JESÃÂS (AN-08)
-11.916326,-77.040314,Alimentador,Colegio Fe y Alegria,Metropolitano,MILAGROS DE JESÃÂS (AN-08)
-11.916326,-77.040314,Alimentador,Grifo AÃÂ±o Nuevo,Metropolitano,MILAGROS DE JESÃÂS (AN-08)
-11.924582,-77.042587,Alimentador,Miguel Grau,Metropolitano,MILAGROS DE JESÃÂS (AN-08)
-11.929524,-77.043854,Alimentador,Jamaica,Metropolitano,MILAGROS DE JESÃÂS (AN-08)
-11.932855,-77.046127,Alimentador,La Pascana,Metropolitano,MILAGROS DE JESÃÂS (AN-08)
-11.936927,-77.049065,Alimentador,Mercado Chacra Cerro,Metropolitano,MILAGROS DE JESÃÂS (AN-08)
-11.941352,-77.050331,Alimentador,Belaunde,Metropolitano,MILAGROS DE JESÃÂS (AN-08)
-11.945049,-77.050476,Alimentador,Bco. de la Nacion,Metropolitano,MILAGROS DE JESÃÂS (AN-08)
-11.947724,-77.049789,Alimentador,Reniec,Metropolitano,MILAGROS DE JESÃÂS (AN-08)
-11.952468,-77.051338,Alimentador,Puno,Metropolitano,MILAGROS DE JESÃÂS (AN-08)
-11.96246,-77.054611,Alimentador,Mega 80,Metropolitano,MILAGROS DE JESÃÂS (AN-08)
-11.965559,-77.05574,Alimentador,Politecnico,Metropolitano,MILAGROS DE JESÃÂS (AN-08)
-11.976051,-77.059341,Alimentador,La Cincuenta,Metropolitano,MILAGROS DE JESÃÂS (AN-08)
NaN,NaN,Alimentador,Estacion Naranjal,Metropolitano,MILAGROS DE JESÃÂS (AN-08)
NaN,NaN,Alimentador,Estacion Naranjal,Metropolitano,CARABAYLLO (AN-09)
-11.963228,-77.054863,Alimentador,Cueto Fernandini,Metropolitano,CARABAYLLO (AN-09)
-11.956069,-77.05246,Alimentador,EspaÃÂ±a,Metropolitano,CARABAYLLO (AN-09)
-11.948981,-77.049339,Alimentador,Santa Rosa,Metropolitano,CARABAYLLO (AN-09)
-11.941508,-77.050293,Alimentador,Belaunde,Metropolitano,CARABAYLLO (AN-09)
-11.933923,-77.046822,Alimentador,La Pascana,Metropolitano,CARABAYLLO (AN-09)
-11.925128,-77.042496,Alimentador,Miguel Grau,Metropolitano,CARABAYLLO (AN-09)
-11.916614,-77.040977,Alimentador,Colegio Fe y Alegria,Metropolitano,CARABAYLLO (AN-09)
-11.912977,-77.039139,Alimentador,Hospital de Collique,Metropolitano,CARABAYLLO (AN-09)
-11.908801,-77.034851,Alimentador,San Felipe,Metropolitano,CARABAYLLO (AN-09)
-11.904414,-77.030769,Alimentador,Entrada Santa Isabel,Metropolitano,CARABAYLLO (AN-09)
-11.89981,-77.030342,Alimentador,Chimpu Ocllo,Metropolitano,CARABAYLLO (AN-09)
-11.895695,-77.029327,Alimentador,La Flor,Metropolitano,CARABAYLLO (AN-09)
-11.892864,-77.028351,Alimentador,Caudivilla,Metropolitano,CARABAYLLO (AN-09)
-11.889894,-77.026352,Alimentador,Parque Manco Capac,Metropolitano,CARABAYLLO (AN-09)
-11.887678,-77.023811,Alimentador,Jose Pardo,Metropolitano,CARABAYLLO (AN-09)
-11.884373,-77.023514,Alimentador,Villa Esperanza,Metropolitano,CARABAYLLO (AN-09)
-11.881131,-77.022087,Alimentador,Ciro Alegria,Metropolitano,CARABAYLLO (AN-09)
-11.878048,-77.017952,Alimentador,La Cumbre,Metropolitano,CARABAYLLO (AN-09)
-11.874977,-77.016273,Alimentador,Augusto B. Leguia,Metropolitano,CARABAYLLO (AN-09)
-11.875097,-77.012978,Alimentador,Plaza el Progreso,Metropolitano,CARABAYLLO (AN-09)
-11.876258,-77.010941,Alimentador,Lenin,Metropolitano,CARABAYLLO (AN-09)
-11.874758,-77.013229,Alimentador,Plaza el Progreso,Metropolitano,CARABAYLLO (AN-09)
-11.873739,-77.015167,Alimentador,Tupac Amaru,Metropolitano,CARABAYLLO (AN-09)
-11.87506,-77.016541,Alimentador,Augusto B. Leguia,Metropolitano,CARABAYLLO (AN-09)
-11.877599,-77.017792,Alimentador,La Cumbre,Metropolitano,CARABAYLLO (AN-09)
-11.880453,-77.021034,Alimentador,Ciro Alegria,Metropolitano,CARABAYLLO (AN-09)
-11.882927,-77.023834,Alimentador,Cedros,Metropolitano,CARABAYLLO (AN-09)
-11.884735,-77.023598,Alimentador,Villa Esperanza,Metropolitano,CARABAYLLO (AN-09)
-11.887062,-77.023651,Alimentador,Jose Pardo,Metropolitano,CARABAYLLO (AN-09)
-11.889849,-77.026558,Alimentador,Parque Manco Capac,Metropolitano,CARABAYLLO (AN-09)
-11.89299,-77.028648,Alimentador,Caudivilla,Metropolitano,CARABAYLLO (AN-09)
-11.895522,-77.029465,Alimentador,La Flor,Metropolitano,CARABAYLLO (AN-09)
-11.898463,-77.030273,Alimentador,Chimpu Ocllo,Metropolitano,CARABAYLLO (AN-09)
-11.903889,-77.030846,Alimentador,Entrada Santa Isabel,Metropolitano,CARABAYLLO (AN-09)
-11.908074,-77.033646,Alimentador,San Felipe,Metropolitano,CARABAYLLO (AN-09)
-11.909828,-77.037521,Alimentador,San Carlos,Metropolitano,CARABAYLLO (AN-09)
-11.913132,-77.039421,Alimentador,Hospital de Collique,Metropolitano,CARABAYLLO (AN-09)
-11.916729,-77.041199,Alimentador,Colegio Fe y Alegria,Metropolitano,CARABAYLLO (AN-09)
-11.924582,-77.042587,Alimentador,Miguel Grau,Metropolitano,CARABAYLLO (AN-09)
-11.932855,-77.046127,Alimentador,La Pascana,Metropolitano,CARABAYLLO (AN-09)
-11.941352,-77.050331,Alimentador,Belaunde,Metropolitano,CARABAYLLO (AN-09)
-11.947724,-77.049789,Alimentador,Reniec,Metropolitano,CARABAYLLO (AN-09)
-11.956065,-77.052605,Alimentador,EspaÃÂ±a,Metropolitano,CARABAYLLO (AN-09)
-11.96246,-77.054611,Alimentador,Mega 80,Metropolitano,CARABAYLLO (AN-09)
NaN,NaN,Alimentador,Estacion Naranjal,Metropolitano,CARABAYLLO (AN-09)
NaN,NaN,Alimentador,Estacion Naranjal,Metropolitano,SANTO DOMINGO (AN-10)
-11.974768,-77.059685,Alimentador,Calle 20,Metropolitano,SANTO DOMINGO (AN-10)
-11.969632,-77.060699,Alimentador,Calle 21,Metropolitano,SANTO DOMINGO (AN-10)
-11.96524,-77.061668,Alimentador,Maestro Peruano,Metropolitano,SANTO DOMINGO (AN-10)
-11.960761,-77.061394,Alimentador,Arcoiris,Metropolitano,SANTO DOMINGO (AN-10)
-11.954554,-77.059769,Alimentador,Mexico,Metropolitano,SANTO DOMINGO (AN-10)
-11.949721,-77.060036,Alimentador,Busano,Metropolitano,SANTO DOMINGO (AN-10)
-11.944675,-77.06057,Alimentador,22 de Agosto,Metropolitano,SANTO DOMINGO (AN-10)
-11.944675,-77.06057,Alimentador,Seguro,Metropolitano,SANTO DOMINGO (AN-10)
-11.938788,-77.058327,Alimentador,Bulevar,Metropolitano,SANTO DOMINGO (AN-10)
-11.934322,-77.055824,Alimentador,Belaunde,Metropolitano,SANTO DOMINGO (AN-10)
-11.929437,-77.053131,Alimentador,Micaela Bastidas,Metropolitano,SANTO DOMINGO (AN-10)
-11.925071,-77.051781,Alimentador,Jamaica,Metropolitano,SANTO DOMINGO (AN-10)
-11.921302,-77.051056,Alimentador,Parque Sinchi Roca,Metropolitano,SANTO DOMINGO (AN-10)
-11.918674,-77.049706,Alimentador,SangararÃÂ¡,Metropolitano,SANTO DOMINGO (AN-10)
-11.91457,-77.047379,Alimentador,Los Incas,Metropolitano,SANTO DOMINGO (AN-10)
-11.911719,-77.045784,Alimentador,La Alborada,Metropolitano,SANTO DOMINGO (AN-10)
-11.908817,-77.044151,Alimentador,El Paraiso,Metropolitano,SANTO DOMINGO (AN-10)
-11.905967,-77.042572,Alimentador,San Carlos,Metropolitano,SANTO DOMINGO (AN-10)
-11.90016,-77.039307,Alimentador,San Felipe,Metropolitano,SANTO DOMINGO (AN-10)
-11.896566,-77.037178,Alimentador,Chimpu Ocllo,Metropolitano,SANTO DOMINGO (AN-10)
-11.89267,-77.038696,Alimentador,Condorcanqui,Metropolitano,SANTO DOMINGO (AN-10)
-11.888285,-77.036263,Alimentador,Mercado Frontera,Metropolitano,SANTO DOMINGO (AN-10)
-11.885526,-77.034813,Alimentador,Chany,Metropolitano,SANTO DOMINGO (AN-10)
-11.882997,-77.033447,Alimentador,Paradero 39,Metropolitano,SANTO DOMINGO (AN-10)
-11.880237,-77.031921,Alimentador,Pardero Q,Metropolitano,SANTO DOMINGO (AN-10)
-11.878215,-77.03019,Alimentador,Pardadero U,Metropolitano,SANTO DOMINGO (AN-10)
-11.88016,-77.032051,Alimentador,Paradero Q,Metropolitano,SANTO DOMINGO (AN-10)
-11.882098,-77.033134,Alimentador,Paradero 39,Metropolitano,SANTO DOMINGO (AN-10)
-11.885063,-77.034691,Alimentador,Chany,Metropolitano,SANTO DOMINGO (AN-10)
-11.88768,-77.036079,Alimentador,Mercado Frontera,Metropolitano,SANTO DOMINGO (AN-10)
-11.892204,-77.038773,Alimentador,Condorcanqui,Metropolitano,SANTO DOMINGO (AN-10)
-11.895598,-77.037392,Alimentador,Chimpu Ocllo,Metropolitano,SANTO DOMINGO (AN-10)
-11.901625,-77.040482,Alimentador,San Felipe,Metropolitano,SANTO DOMINGO (AN-10)
-11.905751,-77.042763,Alimentador,San Carlos,Metropolitano,SANTO DOMINGO (AN-10)
-11.908797,-77.044464,Alimentador,El Paraiso,Metropolitano,SANTO DOMINGO (AN-10)
-11.911618,-77.046066,Alimentador,La Alborada,Metropolitano,SANTO DOMINGO (AN-10)
-11.9158,-77.048409,Alimentador,Los Incas,Metropolitano,SANTO DOMINGO (AN-10)
-11.91868,-77.050056,Alimentador,SangararÃÂ¡,Metropolitano,SANTO DOMINGO (AN-10)
-11.92117,-77.051277,Alimentador,Parque Sinchi Roca,Metropolitano,SANTO DOMINGO (AN-10)
-11.92659,-77.05233,Alimentador,Caceres,Metropolitano,SANTO DOMINGO (AN-10)
-11.930681,-77.054146,Alimentador,Micaela Bastidas,Metropolitano,SANTO DOMINGO (AN-10)
-11.935526,-77.056839,Alimentador,Belaunde,Metropolitano,SANTO DOMINGO (AN-10)
-11.939821,-77.059273,Alimentador,Bulevar,Metropolitano,SANTO DOMINGO (AN-10)
-11.94291,-77.060646,Alimentador,Seguro,Metropolitano,SANTO DOMINGO (AN-10)
-11.947284,-77.060646,Alimentador,22 de Agosto,Metropolitano,SANTO DOMINGO (AN-10)
-11.949837,-77.060318,Alimentador,Busano,Metropolitano,SANTO DOMINGO (AN-10)
-11.955976,-77.060143,Alimentador,Mexico,Metropolitano,SANTO DOMINGO (AN-10)
-11.961156,-77.062279,Alimentador,Metropolitana,Metropolitano,SANTO DOMINGO (AN-10)
-11.964253,-77.062019,Alimentador,Maestro Peruano,Metropolitano,SANTO DOMINGO (AN-10)
-11.969682,-77.060898,Alimentador,Calle 22,Metropolitano,SANTO DOMINGO (AN-10)
-11.974813,-77.059814,Alimentador,Calle 30,Metropolitano,SANTO DOMINGO (AN-10)
NaN,NaN,Alimentador,Estacion Naranjal,Metropolitano,SANTO DOMINGO (AN-10)
NaN,NaN,Alimentador,Estacion Naranjal,Metropolitano,PUENTE PIEDRA (AN-12)
-11.975191,-77.066254,Alimentador,Delta,Metropolitano,PUENTE PIEDRA (AN-12)
-11.95714,-77.06913,Alimentador,Yanbal,Metropolitano,PUENTE PIEDRA (AN-12)
-11.946525,-77.07074,Alimentador,Infantas,Metropolitano,PUENTE PIEDRA (AN-12)
-11.940643,-77.071327,Alimentador,Plaza Vea,Metropolitano,PUENTE PIEDRA (AN-12)
-11.930108,-77.072395,Alimentador,Trapiche,Metropolitano,PUENTE PIEDRA (AN-12)
-11.923102,-77.073067,Alimentador,Acobamba,Metropolitano,PUENTE PIEDRA (AN-12)
-11.913568,-77.073654,Alimentador,Shangri-la,Metropolitano,PUENTE PIEDRA (AN-12)
-11.901048,-77.067635,Alimentador,3 Ruedas,Metropolitano,PUENTE PIEDRA (AN-12)
-11.890541,-77.068253,Alimentador,Establo,Metropolitano,PUENTE PIEDRA (AN-12)
-11.88485,-77.068588,Alimentador,Famesa,Metropolitano,PUENTE PIEDRA (AN-12)
-11.880503,-77.068787,Alimentador,Rosa Luz,Metropolitano,PUENTE PIEDRA (AN-12)
-11.874057,-77.069168,Alimentador,Cementerio,Metropolitano,PUENTE PIEDRA (AN-12)
-11.867669,-77.072334,Alimentador,Tottus,Metropolitano,PUENTE PIEDRA (AN-12)
-11.865467,-77.073822,Alimentador,Ovalo,Metropolitano,PUENTE PIEDRA (AN-12)
-11.864879,-77.075195,Alimentador,Lecaros,Metropolitano,PUENTE PIEDRA (AN-12)
-11.866345,-77.076553,Alimentador,Miguel Grau,Metropolitano,PUENTE PIEDRA (AN-12)
-11.86776,-77.07299,Alimentador,Tottus,Metropolitano,PUENTE PIEDRA (AN-12)
-11.87283,-77.069443,Alimentador,Cementerio,Metropolitano,PUENTE PIEDRA (AN-12)
-11.8803,-77.068939,Alimentador,Rosa Luz,Metropolitano,PUENTE PIEDRA (AN-12)
-11.884564,-77.06871,Alimentador,Famesa,Metropolitano,PUENTE PIEDRA (AN-12)
-11.89054,-77.068375,Alimentador,Establo,Metropolitano,PUENTE PIEDRA (AN-12)
-11.901039,-77.067825,Alimentador,3 Ruedas,Metropolitano,PUENTE PIEDRA (AN-12)
-11.913856,-77.073975,Alimentador,Shangri-la,Metropolitano,PUENTE PIEDRA (AN-12)
-11.922934,-77.073204,Alimentador,Acobamba,Metropolitano,PUENTE PIEDRA (AN-12)
-11.927883,-77.072739,Alimentador,Prolima,Metropolitano,PUENTE PIEDRA (AN-12)
-11.936763,-77.071953,Alimentador,Primera de Pro,Metropolitano,PUENTE PIEDRA (AN-12)
-11.944825,-77.071182,Alimentador,Infantas,Metropolitano,PUENTE PIEDRA (AN-12)
-11.95681,-77.069366,Alimentador,Yanbal,Metropolitano,PUENTE PIEDRA (AN-12)
-11.975282,-77.066498,Alimentador,Delta,Metropolitano,PUENTE PIEDRA (AN-12)
NaN,NaN,Alimentador,Estacion Naranjal,Metropolitano,PUENTE PIEDRA (AN-12)
NaN,NaN,Alimentador,Estacion Naranjal,Metropolitano,LA ENSENADA (AN-13)
NaN,NaN,Alimentador,Hospital Los Olivos,Metropolitano,LA ENSENADA (AN-13)
NaN,NaN,Alimentador,Delta,Metropolitano,LA ENSENADA (AN-13)
NaN,NaN,Alimentador,Tres Postes,Metropolitano,LA ENSENADA (AN-13)
NaN,NaN,Alimentador,Universitaria,Metropolitano,LA ENSENADA (AN-13)
NaN,NaN,Alimentador,Santa Elvira,Metropolitano,LA ENSENADA (AN-13)
NaN,NaN,Alimentador,Huandoy,Metropolitano,LA ENSENADA (AN-13)
NaN,NaN,Alimentador,San Martin,Metropolitano,LA ENSENADA (AN-13)
NaN,NaN,Alimentador,Los Rosales,Metropolitano,LA ENSENADA (AN-13)
NaN,NaN,Alimentador,2 de Octubre,Metropolitano,LA ENSENADA (AN-13)
NaN,NaN,Alimentador,Los Portales,Metropolitano,LA ENSENADA (AN-13)
NaN,NaN,Alimentador,Cordialidad,Metropolitano,LA ENSENADA (AN-13)
NaN,NaN,Alimentador,Honradez,Metropolitano,LA ENSENADA (AN-13)
NaN,NaN,Alimentador,Calle 27,Metropolitano,LA ENSENADA (AN-13)
NaN,NaN,Alimentador,Parque Los Portales,Metropolitano,LA ENSENADA (AN-13)
NaN,NaN,Alimentador,Alborada,Metropolitano,LA ENSENADA (AN-13)
NaN,NaN,Alimentador,Rosedal,Metropolitano,LA ENSENADA (AN-13)
NaN,NaN,Alimentador,Comisaria,Metropolitano,LA ENSENADA (AN-13)
NaN,NaN,Alimentador,Palmeras,Metropolitano,LA ENSENADA (AN-13)
NaN,NaN,Alimentador,Conquistadores,Metropolitano,LA ENSENADA (AN-13)
NaN,NaN,Alimentador,Calle 5,Metropolitano,LA ENSENADA (AN-13)
NaN,NaN,Alimentador,Las Acacias,Metropolitano,LA ENSENADA (AN-13)
NaN,NaN,Alimentador,Mercado,Metropolitano,LA ENSENADA (AN-13)
NaN,NaN,Alimentador,El Rosedal,Metropolitano,LA ENSENADA (AN-13)
NaN,NaN,Alimentador,Las Granadas,Metropolitano,LA ENSENADA (AN-13)
NaN,NaN,Alimentador,Alborada,Metropolitano,LA ENSENADA (AN-13)
NaN,NaN,Alimentador,Parque Los Portales,Metropolitano,LA ENSENADA (AN-13)
NaN,NaN,Alimentador,Calle 2,Metropolitano,LA ENSENADA (AN-13)
NaN,NaN,Alimentador,Honradez,Metropolitano,LA ENSENADA (AN-13)
NaN,NaN,Alimentador,Los Proceres,Metropolitano,LA ENSENADA (AN-13)
NaN,NaN,Alimentador,Los Portales,Metropolitano,LA ENSENADA (AN-13)
NaN,NaN,Alimentador,2 de Octubre,Metropolitano,LA ENSENADA (AN-13)
NaN,NaN,Alimentador,Los Rosales,Metropolitano,LA ENSENADA (AN-13)
NaN,NaN,Alimentador,San Martin,Metropolitano,LA ENSENADA (AN-13)
NaN,NaN,Alimentador,Central,Metropolitano,LA ENSENADA (AN-13)
NaN,NaN,Alimentador,Santa Elvira,Metropolitano,LA ENSENADA (AN-13)
NaN,NaN,Alimentador,Universitaria,Metropolitano,LA ENSENADA (AN-13)
NaN,NaN,Alimentador,Tres Postes,Metropolitano,LA ENSENADA (AN-13)
NaN,NaN,Alimentador,MaraÃÂ±on,Metropolitano,LA ENSENADA (AN-13)
NaN,NaN,Alimentador,Delta,Metropolitano,LA ENSENADA (AN-13)
NaN,NaN,Alimentador,Hospital Los Olivos,Metropolitano,LA ENSENADA (AN-13)
NaN,NaN,Alimentador,Estacion Naranjal,Metropolitano,LA ENSENADA (AN-13)
NaN,NaN,Alimentador,Estacion Naranjal,Metropolitano,BERTELLO (AN-14)
NaN,NaN,Alimentador,Unger,Metropolitano,BERTELLO (AN-14)
NaN,NaN,Alimentador,Hospital Los Olivos,Metropolitano,BERTELLO (AN-14)
NaN,NaN,Alimentador,MarcarÃÂ¡,Metropolitano,BERTELLO (AN-14)
NaN,NaN,Alimentador,Las Palmeras,Metropolitano,BERTELLO (AN-14)
NaN,NaN,Alimentador,Universitaria,Metropolitano,BERTELLO (AN-14)
NaN,NaN,Alimentador,Huandoy,Metropolitano,BERTELLO (AN-14)
NaN,NaN,Alimentador,Portales del Naranjal,Metropolitano,BERTELLO (AN-14)
NaN,NaN,Alimentador,Santo Domingo,Metropolitano,BERTELLO (AN-14)
NaN,NaN,Alimentador,Jardines de Naranjal,Metropolitano,BERTELLO (AN-14)
NaN,NaN,Alimentador,Los Alisos,Metropolitano,BERTELLO (AN-14)
NaN,NaN,Alimentador,Los Olivos,Metropolitano,BERTELLO (AN-14)
NaN,NaN,Alimentador,Izaguirre,Metropolitano,BERTELLO (AN-14)
NaN,NaN,Alimentador,Dominicos,Metropolitano,BERTELLO (AN-14)
NaN,NaN,Alimentador,Pacasmayo,Metropolitano,BERTELLO (AN-14)
NaN,NaN,Alimentador,Bertello,Metropolitano,BERTELLO (AN-14)
NaN,NaN,Alimentador,Bertello,Metropolitano,BERTELLO (AN-14)
NaN,NaN,Alimentador,Pacasmayo,Metropolitano,BERTELLO (AN-14)
NaN,NaN,Alimentador,Dominicos,Metropolitano,BERTELLO (AN-14)
NaN,NaN,Alimentador,Izaguirre,Metropolitano,BERTELLO (AN-14)
NaN,NaN,Alimentador,Los Olivos,Metropolitano,BERTELLO (AN-14)
NaN,NaN,Alimentador,Los Alisos,Metropolitano,BERTELLO (AN-14)
NaN,NaN,Alimentador,Jardines de Naranjal,Metropolitano,BERTELLO (AN-14)
NaN,NaN,Alimentador,Santo Domingo,Metropolitano,BERTELLO (AN-14)
NaN,NaN,Alimentador,Portales del Naranjal,Metropolitano,BERTELLO (AN-14)
NaN,NaN,Alimentador,Huandoy,Metropolitano,BERTELLO (AN-14)
NaN,NaN,Alimentador,Universitaria,Metropolitano,BERTELLO (AN-14)
NaN,NaN,Alimentador,Las Palmeras,Metropolitano,BERTELLO (AN-14)
NaN,NaN,Alimentador,MarcarÃÂ¡,Metropolitano,BERTELLO (AN-14)
NaN,NaN,Alimentador,Hospital Los Olivos,Metropolitano,BERTELLO (AN-14)
NaN,NaN,Alimentador,Unger,Metropolitano,BERTELLO (AN-14)
NaN,NaN,Alimentador,Estacion Naranjal,Metropolitano,BERTELLO (AN-14)
NaN,NaN,Alimentador,Estacion Naranjal,Metropolitano,LOS ALISOS (AN-15)
-11.983457,-77.061012,Alimentador,Maracuya,Metropolitano,LOS ALISOS (AN-15)
-11.98416,-77.067482,Alimentador,Galeano,Metropolitano,LOS ALISOS (AN-15)
-11.983766,-77.071861,Alimentador,Las Palmeras,Metropolitano,LOS ALISOS (AN-15)
-11.983449,-77.075218,Alimentador,El Naranjal,Metropolitano,LOS ALISOS (AN-15)
-11.983196,-77.077835,Alimentador,Universitaria,Metropolitano,LOS ALISOS (AN-15)
-11.982795,-77.082657,Alimentador,Girasoles,Metropolitano,LOS ALISOS (AN-15)
-11.982513,-77.085495,Alimentador,Huandoy,Metropolitano,LOS ALISOS (AN-15)
-11.982168,-77.089943,Alimentador,Las Malvas,Metropolitano,LOS ALISOS (AN-15)
-11.981768,-77.094254,Alimentador,Av. C,Metropolitano,LOS ALISOS (AN-15)
-11.982222,-77.090858,Alimentador,El Rosario,Metropolitano,LOS ALISOS (AN-15)
-11.982656,-77.086205,Alimentador,Huandoy,Metropolitano,LOS ALISOS (AN-15)
-11.982851,-77.082939,Alimentador,Av. A,Metropolitano,LOS ALISOS (AN-15)
-11.983187,-77.079391,Alimentador,Universitaria,Metropolitano,LOS ALISOS (AN-15)
-11.983585,-77.075516,Alimentador,El Naranjal,Metropolitano,LOS ALISOS (AN-15)
-11.983842,-77.072739,Alimentador,Las Palmeras,Metropolitano,LOS ALISOS (AN-15)
-11.984297,-77.067841,Alimentador,Galeano,Metropolitano,LOS ALISOS (AN-15)
-11.98363,-77.061371,Alimentador,Maracuya,Metropolitano,LOS ALISOS (AN-15)
NaN,NaN,Alimentador,Estacion Naranjal,Metropolitano,LOS ALISOS (AN-15)
NaN,NaN,Alimentador,Estacion Naranjal,Metropolitano,LOS OLIVOS (AN-16)
-11.988957,-77.057693,Alimentador,Grifo Tupac,Metropolitano,LOS OLIVOS (AN-16)
-11.989642,-77.062218,Alimentador,Plaza Vea,Metropolitano,LOS OLIVOS (AN-16)
-11.990266,-77.066299,Alimentador,Daniel Fernandez,Metropolitano,LOS OLIVOS (AN-16)
-11.990977,-77.071167,Alimentador,Las Palmeras,Metropolitano,LOS OLIVOS (AN-16)
-11.991544,-77.074936,Alimentador,El Armagon,Metropolitano,LOS OLIVOS (AN-16)
-11.991384,-77.079407,Alimentador,Estibina,Metropolitano,LOS OLIVOS (AN-16)
-11.988365,-77.081787,Alimentador,Jade,Metropolitano,LOS OLIVOS (AN-16)
-11.98786,-77.083672,Alimentador,Calle 9,Metropolitano,LOS OLIVOS (AN-16)
-11.987179,-77.086288,Alimentador,Calle 3,Metropolitano,LOS OLIVOS (AN-16)
-11.986283,-77.089714,Alimentador,Avenida B,Metropolitano,LOS OLIVOS (AN-16)
-11.985272,-77.093658,Alimentador,Sta. Rosa,Metropolitano,LOS OLIVOS (AN-16)
-11.984058,-77.098198,Alimentador,Calle 2,Metropolitano,LOS OLIVOS (AN-16)
-11.984022,-77.098534,Alimentador,Canta,Metropolitano,LOS OLIVOS (AN-16)
-11.985135,-77.094254,Alimentador,Sta. Rosa,Metropolitano,LOS OLIVOS (AN-16)
-11.986168,-77.090302,Alimentador,Avenida B,Metropolitano,LOS OLIVOS (AN-16)
-11.987147,-77.086494,Alimentador,Kodak,Metropolitano,LOS OLIVOS (AN-16)
-11.987818,-77.083931,Alimentador,Calle 9,Metropolitano,LOS OLIVOS (AN-16)
-11.988368,-77.081978,Alimentador,Calle Jade,Metropolitano,LOS OLIVOS (AN-16)
-11.990453,-77.082413,Alimentador,Los Lirios,Metropolitano,LOS OLIVOS (AN-16)
-11.991624,-77.07914,Alimentador,Estibina,Metropolitano,LOS OLIVOS (AN-16)
-11.99181,-77.075409,Alimentador,Conococha,Metropolitano,LOS OLIVOS (AN-16)
-11.99181,-77.075409,Alimentador,Mayolo,Metropolitano,LOS OLIVOS (AN-16)
-11.990503,-77.066414,Alimentador,Ignacio Merino,Metropolitano,LOS OLIVOS (AN-16)
-11.98988,-77.062386,Alimentador,Plaza Vea,Metropolitano,LOS OLIVOS (AN-16)
-11.989214,-77.057976,Alimentador,Grifo Tupac,Metropolitano,LOS OLIVOS (AN-16)
NaN,NaN,Alimentador,Estacion Naranjal,Metropolitano,LOS OLIVOS (AN-16)
NaN,NaN,Alimentador,Estacion Naranjal,Metropolitano,ANTUNEZ DE MAYOLO (AN-17)
-11.98416,-77.067482,Alimentador,Galeano,Metropolitano,ANTUNEZ DE MAYOLO (AN-17)
-11.983766,-77.071861,Alimentador,Las Palmeras,Metropolitano,ANTUNEZ DE MAYOLO (AN-17)
NaN,NaN,Alimentador,Amarantos,Metropolitano,ANTUNEZ DE MAYOLO (AN-17)
NaN,NaN,Alimentador,Telefonica,Metropolitano,ANTUNEZ DE MAYOLO (AN-17)
NaN,NaN,Alimentador,Plaza Vea,Metropolitano,ANTUNEZ DE MAYOLO (AN-17)
NaN,NaN,Alimentador,Mercado Covida,Metropolitano,ANTUNEZ DE MAYOLO (AN-17)
NaN,NaN,Alimentador,Telefonica,Metropolitano,ANTUNEZ DE MAYOLO (AN-17)
NaN,NaN,Alimentador,Universitaria,Metropolitano,ANTUNEZ DE MAYOLO (AN-17)
NaN,NaN,Alimentador,San Francisco,Metropolitano,ANTUNEZ DE MAYOLO (AN-17)
NaN,NaN,Alimentador,12 de Octubre,Metropolitano,ANTUNEZ DE MAYOLO (AN-17)
NaN,NaN,Alimentador,Pte. Camote,Metropolitano,ANTUNEZ DE MAYOLO (AN-17)
NaN,NaN,Alimentador,Alcides Vigo,Metropolitano,ANTUNEZ DE MAYOLO (AN-17)
NaN,NaN,Alimentador,Coopip,Metropolitano,ANTUNEZ DE MAYOLO (AN-17)
NaN,NaN,Alimentador,Nisperos,Metropolitano,ANTUNEZ DE MAYOLO (AN-17)
NaN,NaN,Alimentador,Coopip,Metropolitano,ANTUNEZ DE MAYOLO (AN-17)
NaN,NaN,Alimentador,Sta. Rosa,Metropolitano,ANTUNEZ DE MAYOLO (AN-17)
NaN,NaN,Alimentador,Pte. Camote,Metropolitano,ANTUNEZ DE MAYOLO (AN-17)
NaN,NaN,Alimentador,12 de Octubre,Metropolitano,ANTUNEZ DE MAYOLO (AN-17)
NaN,NaN,Alimentador,San Francisco,Metropolitano,ANTUNEZ DE MAYOLO (AN-17)
NaN,NaN,Alimentador,Rio Santa,Metropolitano,ANTUNEZ DE MAYOLO (AN-17)
NaN,NaN,Alimentador,Telefonica,Metropolitano,ANTUNEZ DE MAYOLO (AN-17)
NaN,NaN,Alimentador,Mercado Covida,Metropolitano,ANTUNEZ DE MAYOLO (AN-17)
NaN,NaN,Alimentador,Plaza Vea,Metropolitano,ANTUNEZ DE MAYOLO (AN-17)
NaN,NaN,Alimentador,Acacias,Metropolitano,ANTUNEZ DE MAYOLO (AN-17)
NaN,NaN,Alimentador,Amarantos,Metropolitano,ANTUNEZ DE MAYOLO (AN-17)
NaN,NaN,Alimentador,Las Palmeras,Metropolitano,ANTUNEZ DE MAYOLO (AN-17)
NaN,NaN,Alimentador,Galeano,Metropolitano,ANTUNEZ DE MAYOLO (AN-17)
NaN,NaN,Alimentador,Estacion Naranjal,Metropolitano,ANTUNEZ DE MAYOLO (AN-17)
NaN,NaN,Alimentador,Estacion Naranjal,Metropolitano,IZAGUIRRE (AN-18)
-11.988957,-77.057693,Alimentador,Grifo Tupac,Metropolitano,IZAGUIRRE (AN-18)
-11.989642,-77.062218,Alimentador,Plaza Vea,Metropolitano,IZAGUIRRE (AN-18)
-11.990266,-77.066299,Alimentador,Daniel Fernandez,Metropolitano,IZAGUIRRE (AN-18)
NaN,NaN,Alimentador,Santos Chocano,Metropolitano,IZAGUIRRE (AN-18)
-11.990977,-77.071167,Alimentador,Las Palmeras,Metropolitano,IZAGUIRRE (AN-18)
-11.991544,-77.074936,Alimentador,El Amargon,Metropolitano,IZAGUIRRE (AN-18)
-11.991384,-77.079407,Alimentador,Estibina,Metropolitano,IZAGUIRRE (AN-18)
NaN,NaN,Alimentador,San Francisco,Metropolitano,IZAGUIRRE (AN-18)
NaN,NaN,Alimentador,12 de Octubre,Metropolitano,IZAGUIRRE (AN-18)
NaN,NaN,Alimentador,Santa Rosa,Metropolitano,IZAGUIRRE (AN-18)
NaN,NaN,Alimentador,12 de Octubre,Metropolitano,IZAGUIRRE (AN-18)
NaN,NaN,Alimentador,San Francisco,Metropolitano,IZAGUIRRE (AN-18)
NaN,NaN,Alimentador,Universitaria,Metropolitano,IZAGUIRRE (AN-18)
-11.99181,-77.075409,Alimentador,Conococha,Metropolitano,IZAGUIRRE (AN-18)
-11.99181,-77.075409,Alimentador,Mayolo,Metropolitano,IZAGUIRRE (AN-18)
NaN,NaN,Alimentador,Santos Chocano,Metropolitano,IZAGUIRRE (AN-18)
-11.990503,-77.066414,Alimentador,Ignacio Merino,Metropolitano,IZAGUIRRE (AN-18)
-11.98988,-77.062386,Alimentador,Plaza Vea,Metropolitano,IZAGUIRRE (AN-18)
-11.989214,-77.057976,Alimentador,Grifo Tupac,Metropolitano,IZAGUIRRE (AN-18)
NaN,NaN,Alimentador,Estacion Naranjal,Metropolitano,IZAGUIRRE (AN-18)