Regular A,
Regular B,
Regular C,
Regular D,
Expreso 1,
Expreso 2,
Expreso 3,
Expreso 4,
Expreso 5,
Expreso 6,
Expreso 7,
Expreso 8,
Expreso 9,
Súper Expreso,
Súper Expreso Norte,
Alimentador 1,
Alimentador 2,
Alimentador 3,
Alimentador 4,
Alimentador 5,
Alimentador 6,
Alimentador 7,
Alimentador 8,
Alimentador 9,
Alimentador 10,
Alimentador 11,
Alimentador 12,
Alimentador 13,
Alimentador 14,
Alimentador 15,
Alimentador 16,
Alimentador 17,
Alimentador 18,
Alimentador 19,
Alimentador 20,
Alimentador 21,
Alimentador 22,
Alimentador 23,
